<?xml version="1.0" encoding="UTF-8"?>
<library xmlns="http://www.netbeans.org/ns/library-declaration/3" version="3.0">
    <name>Javaparser</name>
    <type>j2se</type>
    <display-name>Javaparser</display-name>
    <volume>
        <type>classpath</type>
        <resource>jar:file:/Users/kenk/sideProj/lib/javaparser-core-2.3.0.jar!/</resource>
    </volume>
    <volume>
        <type>src</type>
    </volume>
    <volume>
        <type>javadoc</type>
    </volume>
    <volume>
        <type>maven-pom</type>
    </volume>
    <properties/>
</library>
