<?xml version="1.0" encoding="UTF-8"?>
<library xmlns="http://www.netbeans.org/ns/library-declaration/3" version="3.0">
    <name>JSch</name>
    <type>j2se</type>
    <display-name>JSch</display-name>
    <volume>
        <type>classpath</type>
        <resource>jar:file:/Users/kenk/sideProj/TowerConquest/Shared%20Libraries/jsch-0.1.53.jar!/</resource>
    </volume>
    <volume>
        <type>src</type>
    </volume>
    <volume>
        <type>javadoc</type>
    </volume>
    <volume>
        <type>maven-pom</type>
    </volume>
    <properties/>
</library>
