<?xml version="1.0" encoding="UTF-8"?>
<library xmlns="http://www.netbeans.org/ns/library-declaration/3" version="3.0">
    <name>SLF4j</name>
    <type>j2se</type>
    <display-name>SLF4j</display-name>
    <volume>
        <type>classpath</type>
        <resource>jar:file:/Users/kenk/sideProj/TowerConquest/Shared%20Libraries/slf4j-api-1.7.21.jar!/</resource>
        <resource>jar:file:/Users/kenk/sideProj/TowerConquest/Shared%20Libraries/slf4j-simple-1.7.21.jar!/</resource>
    </volume>
    <volume>
        <type>src</type>
    </volume>
    <volume>
        <type>javadoc</type>
    </volume>
    <volume>
        <type>maven-pom</type>
    </volume>
    <properties/>
</library>
